{"BLR": 42.15686274509804, "BRT": 31.645569620253166, "FRM": 43.1390977443609, "ROT": 31.561461794019934, "OBS": 33.333333333333336, "DRK": 40.90909090909091, "Corr.": 37.124236024359384, "Clean": 45.625, "Total": 42.4}