{"BLR": 46.778711484593835, "BRT": 46.835443037974684, "FRM": 47.462406015037594, "ROT": 37.541528239202655, "OBS": 33.333333333333336, "DRK": 45.45454545454545, "Corr.": 42.90099459411459, "Clean": 50.0, "Total": 47.75}