{"BLR": 43.13725490196079, "BRT": 31.645569620253166, "FRM": 42.4812030075188, "ROT": 35.548172757475086, "OBS": 40.476190476190474, "DRK": 46.59090909090909, "Corr.": 39.97988330905124, "Clean": 45.267857142857146, "Total": 42.9}