{"BLR": 46.358543417366946, "BRT": 41.77215189873418, "FRM": 47.556390977443606, "ROT": 38.205980066445186, "OBS": 40.476190476190474, "DRK": 48.86363636363637, "Corr.": 43.87214886663613, "Clean": 51.517857142857146, "Total": 48.5}